IdPytanie;Pytanie;OdpA;OdpB;OdpC;OdpD;OdpOK;Użyte
1;Co jest stolicom Polski?;Warszawa;Kraków;Poznań;Gniezno;A;0
2;Jaki podtytuł nosi seria Yu-Gi-Oh w której piwerszy raz pojawia się synchro summon?;Zexal;Gx;V-Arc;5D's;D;0
3;Które części star wars należą do orginalnej trylogi?;Mroczne widmo Atak klnów Zemsta Sithów;Nowa nadzieja Imperium kontratakuje Powrót Jedi;Przebudzenie mocy Ostatni Jedi Skywalker odrodzenie;Wojny klonów Rebelianci Ruch oporu;B;0
4;Która część serii gier assassins creed posiadała najwięcej rónic w gameplayu w stosunku do części poprzedniej?;Origin;Revelation;Odyssey;Brotherhood;A;0
5;Która z książek Tolkiena nie miała należeć do sagi o pierścieniach i klejnotach?;Władca pierścieni drużyna pierścienia;Hobbit;Upadek króla Artura;Silmarillion;C;0
6;Na bazie jakiego zwierzęcia stworzony został pikachu?;Mysz;Szczur;Chomik;Świnka morska;A;0
7;Saga opwieści z Narnii C S Lewisa liczy sobie ile części?;5;10;12;7;D;0
8;Jaki świat Disneya nie znajduje się w Kingdom Hearts 1?;Pride Rock;Halloween Town;Traverse Town;Neverland;A;0
9;W jakim anime występują bliźniaczki Ram i Rem?;Dragon Ball;Naruto;Shingeki no Kyoji;Re:Zero kara Hajimeru Isekai Seikatsu;D;0
10;Która z postaci była nieoficialną maskotką pierwszego playstation?;Mario;Crash Bandicoot;Sonic;Gon;B;1
11;Jak się nazywał kangur z serii gier Tekken?;Stitch;Spyro;Kon;Roger Jr.;D;0
12;Na kogo zły był Boruto w serii Boruto: Naruto Next Generation?;Na swojego mistrza;Na swjego ojca;Na swoją najlepszą przyjaciółkę;Na swoją siostrę;B;0
13;Jak inaczej jest nazywana gra Sword Art Online w anime o tej samej nazwie?;Grą tchórzy;Magia i miecz;MMORPG;Grą Śmierci;D;0
14;Polska wersja openingu jakiego anime jest użnawana za jedną z najlepszych?;One piece;Naruto;Shaman King;Dragon Ball;C;0
15;Jakim skrótem klawiszowym cofnąć cofnięcie na komputerze?;Ctrl+Z;Ctrl+A;Ctrl+P;Ctrl+Y;D;0
16;Jakie miasto jest stolicą Francji?;Mińsk;Paryż;Berlin;Bruksela;B;0
17;Skąd pochodzi pizza?;Włoch;USA;Chiny;Japonia;A;0
